time,rk4_pos_x,rk4_vel_x,rk4_pos_y,rk4_vel_y,discrete_pos_x,discrete_vel_x,discrete_pos_y,discrete_vel_y,exact_pos_x,exact_vel_x,exact_pos_y,exact_vel_y
0,0,14.14213562373095,0,14.14213562373095,0,14.14213562373095,0,14.14213562373095,0,14.14213562373095,0,14.14213562373095
0.01,0.1414213562373095,14.14213562373095,0.1409308562373095,14.04403562373095,0.1414213562373095,14.14213562373095,0.1409308562373095,14.04403562373095,0.1414213562373095,14.14213562373095,0.1409308562373095,14.04403562373095
0.02,0.2828427124746191,14.14213562373095,0.280880712474619,13.94593562373095,0.282842712474619,14.14213562373095,0.280880712474619,13.94593562373095,0.282842712474619,14.14213562373095,0.280880712474619,13.94593562373095
0.03,0.4242640687119286,14.14213562373095,0.4198495687119285,13.84783562373095,0.4242640687119285,14.14213562373095,0.4198495687119285,13.84783562373095,0.4242640687119285,14.14213562373095,0.4198495687119285,13.84783562373095
0.04,0.5656854249492381,14.14213562373095,0.5578374249492379,13.74973562373095,0.565685424949238,14.14213562373095,0.5578374249492379,13.74973562373095,0.565685424949238,14.14213562373095,0.557837424949238,13.74973562373095
0.05,0.7071067811865477,14.14213562373095,0.6948442811865474,13.65163562373095,0.7071067811865475,14.14213562373095,0.6948442811865474,13.65163562373095,0.7071067811865476,14.14213562373095,0.6948442811865475,13.65163562373095
0.06,0.8485281374238572,14.14213562373095,0.8308701374238568,13.55353562373095,0.8485281374238569,14.14213562373095,0.830870137423857,13.55353562373095,0.848528137423857,14.14213562373095,0.830870137423857,13.55353562373095
0.07000000000000001,0.9899494936611668,14.14213562373095,0.9659149936611664,13.45543562373095,0.9899494936611664,14.14213562373095,0.9659149936611665,13.45543562373095,0.9899494936611667,14.14213562373095,0.9659149936611666,13.45543562373095
0.08,1.131370849898476,14.14213562373095,1.099978849898476,13.35733562373095,1.131370849898476,14.14213562373095,1.099978849898476,13.35733562373095,1.131370849898476,14.14213562373095,1.099978849898476,13.35733562373095
0.09,1.272792206135786,14.14213562373095,1.233061706135785,13.25923562373094,1.272792206135785,14.14213562373095,1.233061706135785,13.25923562373094,1.272792206135785,14.14213562373095,1.233061706135786,13.25923562373095
0.1,1.414213562373095,14.14213562373095,1.365163562373095,13.16113562373094,1.414213562373095,14.14213562373095,1.365163562373095,13.16113562373094,1.414213562373095,14.14213562373095,1.365163562373095,13.16113562373095
0.11,1.555634918610405,14.14213562373095,1.496284418610404,13.06303562373094,1.555634918610404,14.14213562373095,1.496284418610404,13.06303562373094,1.555634918610405,14.14213562373095,1.496284418610404,13.06303562373095
0.12,1.697056274847714,14.14213562373095,1.626424274847714,12.96493562373094,1.697056274847714,14.14213562373095,1.626424274847714,12.96493562373094,1.697056274847714,14.14213562373095,1.626424274847714,12.96493562373095
0.13,1.838477631085023,14.14213562373095,1.755583131085023,12.86683562373094,1.838477631085023,14.14213562373095,1.755583131085023,12.86683562373094,1.838477631085024,14.14213562373095,1.755583131085023,12.86683562373095
0.14,1.979898987322333,14.14213562373095,1.883760987322333,12.76873562373094,1.979898987322332,14.14213562373095,1.883760987322333,12.76873562373094,1.979898987322333,14.14213562373095,1.883760987322333,12.76873562373095
0.15,2.121320343559642,14.14213562373095,2.010957843559642,12.67063562373094,2.121320343559642,14.14213562373095,2.010957843559642,12.67063562373094,2.121320343559642,14.14213562373095,2.010957843559642,12.67063562373095
0.16,2.262741699796952,14.14213562373095,2.137173699796951,12.57253562373094,2.262741699796952,14.14213562373095,2.137173699796951,12.57253562373094,2.262741699796952,14.14213562373095,2.137173699796952,12.57253562373095
0.17,2.404163056034262,14.14213562373095,2.262408556034261,12.47443562373094,2.404163056034261,14.14213562373095,2.262408556034261,12.47443562373094,2.404163056034262,14.14213562373095,2.262408556034261,12.47443562373095
0.18,2.545584412271571,14.14213562373095,2.38666241227157,12.37633562373094,2.545584412271571,14.14213562373095,2.38666241227157,12.37633562373094,2.545584412271571,14.14213562373095,2.386662412271571,12.37633562373095
0.19,2.687005768508881,14.14213562373095,2.50993526850888,12.27823562373094,2.687005768508881,14.14213562373095,2.509935268508879,12.27823562373094,2.687005768508881,14.14213562373095,2.50993526850888,12.27823562373095
0.2,2.828427124746191,14.14213562373095,2.632227124746189,12.18013562373094,2.82842712474619,14.14213562373095,2.632227124746188,12.18013562373094,2.82842712474619,14.14213562373095,2.63222712474619,12.18013562373095
0.21,2.9698484809835,14.14213562373095,2.753537980983498,12.08203562373094,2.9698484809835,14.14213562373095,2.753537980983498,12.08203562373094,2.9698484809835,14.14213562373095,2.753537980983499,12.08203562373095
0.22,3.11126983722081,14.14213562373095,2.873867837220808,11.98393562373094,3.11126983722081,14.14213562373095,2.873867837220807,11.98393562373094,3.111269837220809,14.14213562373095,2.873867837220809,11.98393562373095
0.23,3.25269119345812,14.14213562373095,2.993216693458117,11.88583562373094,3.252691193458119,14.14213562373095,2.993216693458116,11.88583562373094,3.252691193458119,14.14213562373095,2.993216693458118,11.88583562373095
0.24,3.394112549695429,14.14213562373095,3.111584549695426,11.78773562373094,3.394112549695429,14.14213562373095,3.111584549695425,11.78773562373094,3.394112549695428,14.14213562373095,3.111584549695428,11.78773562373095
0.25,3.535533905932739,14.14213562373095,3.228971405932735,11.68963562373094,3.535533905932739,14.14213562373095,3.228971405932735,11.68963562373094,3.535533905932738,14.14213562373095,3.228971405932737,11.68963562373095
0.26,3.676955262170049,14.14213562373095,3.345377262170045,11.59153562373094,3.676955262170048,14.14213562373095,3.345377262170044,11.59153562373094,3.676955262170047,14.14213562373095,3.345377262170047,11.59153562373095
0.27,3.818376618407358,14.14213562373095,3.460802118407354,11.49343562373094,3.818376618407358,14.14213562373095,3.460802118407353,11.49343562373094,3.818376618407357,14.14213562373095,3.460802118407357,11.49343562373095
0.28,3.959797974644668,14.14213562373095,3.575245974644664,11.39533562373093,3.959797974644668,14.14213562373095,3.575245974644662,11.39533562373093,3.959797974644667,14.14213562373095,3.575245974644666,11.39533562373095
0.29,4.101219330881977,14.14213562373095,3.688708830881973,11.29723562373093,4.101219330881977,14.14213562373095,3.688708830881971,11.29723562373093,4.101219330881976,14.14213562373095,3.688708830881975,11.29723562373095
0.3,4.242640687119287,14.14213562373095,3.801190687119282,11.19913562373093,4.242640687119287,14.14213562373095,3.801190687119281,11.19913562373093,4.242640687119285,14.14213562373095,3.801190687119285,11.19913562373095
0.31,4.384062043356596,14.14213562373095,3.912691543356592,11.10103562373093,4.384062043356596,14.14213562373095,3.91269154335659,11.10103562373093,4.384062043356595,14.14213562373095,3.912691543356594,11.10103562373095
0.32,4.525483399593905,14.14213562373095,4.023211399593901,11.00293562373093,4.525483399593905,14.14213562373095,4.023211399593899,11.00293562373093,4.525483399593904,14.14213562373095,4.023211399593905,11.00293562373095
0.33,4.666904755831214,14.14213562373095,4.13275025583121,10.90483562373093,4.666904755831214,14.14213562373095,4.132750255831208,10.90483562373093,4.666904755831214,14.14213562373095,4.132750255831214,10.90483562373095
0.34,4.808326112068523,14.14213562373095,4.24130811206852,10.80673562373093,4.808326112068523,14.14213562373095,4.241308112068518,10.80673562373093,4.808326112068523,14.14213562373095,4.241308112068523,10.80673562373095
0.35,4.949747468305833,14.14213562373095,4.348884968305829,10.70863562373093,4.949747468305833,14.14213562373095,4.348884968305827,10.70863562373093,4.949747468305834,14.14213562373095,4.348884968305833,10.70863562373095
0.36,5.091168824543142,14.14213562373095,4.455480824543138,10.61053562373093,5.091168824543142,14.14213562373095,4.455480824543137,10.61053562373093,5.091168824543142,14.14213562373095,4.455480824543142,10.61053562373095
0.37,5.232590180780451,14.14213562373095,4.561095680780448,10.51243562373093,5.232590180780451,14.14213562373095,4.561095680780447,10.51243562373093,5.232590180780452,14.14213562373095,4.561095680780451,10.51243562373095
0.38,5.37401153701776,14.14213562373095,4.665729537017757,10.41433562373093,5.37401153701776,14.14213562373095,4.665729537017756,10.41433562373093,5.374011537017761,14.14213562373095,4.665729537017761,10.41433562373095
0.39,5.51543289325507,14.14213562373095,4.769382393255066,10.31623562373093,5.51543289325507,14.14213562373095,4.769382393255066,10.31623562373093,5.515432893255071,14.14213562373095,4.769382393255071,10.31623562373095
0.4,5.656854249492379,14.14213562373095,4.872054249492376,10.21813562373093,5.656854249492379,14.14213562373095,4.872054249492376,10.21813562373093,5.656854249492381,14.14213562373095,4.872054249492379,10.21813562373095
0.41,5.798275605729688,14.14213562373095,4.973745105729685,10.12003562373093,5.798275605729688,14.14213562373095,4.973745105729686,10.12003562373093,5.798275605729691,14.14213562373095,4.973745105729689,10.12003562373095
0.42,5.939696961966997,14.14213562373095,5.074454961966994,10.02193562373093,5.939696961966997,14.14213562373095,5.074454961966995,10.02193562373093,5.939696961966999,14.14213562373095,5.074454961966998,10.02193562373095
0.43,6.081118318204306,14.14213562373095,5.174183818204304,9.923835623730927,6.081118318204306,14.14213562373095,5.174183818204305,9.923835623730927,6.081118318204309,14.14213562373095,5.174183818204308,9.923835623730948
0.44,6.222539674441616,14.14213562373095,5.272931674441613,9.825735623730926,6.222539674441616,14.14213562373095,5.272931674441614,9.825735623730926,6.222539674441618,14.14213562373095,5.272931674441617,9.825735623730949
0.45,6.363961030678925,14.14213562373095,5.370698530678922,9.727635623730926,6.363961030678925,14.14213562373095,5.370698530678924,9.727635623730926,6.363961030678928,14.14213562373095,5.370698530678927,9.727635623730949
0.46,6.505382386916234,14.14213562373095,5.467484386916231,9.629535623730925,6.505382386916234,14.14213562373095,5.467484386916233,9.629535623730925,6.505382386916238,14.14213562373095,5.467484386916237,9.629535623730948
0.47,6.646803743153543,14.14213562373095,5.56328924315354,9.531435623730925,6.646803743153543,14.14213562373095,5.563289243153543,9.531435623730925,6.646803743153547,14.14213562373095,5.563289243153546,9.53143562373095
0.48,6.788225099390853,14.14213562373095,5.658113099390849,9.433335623730924,6.788225099390853,14.14213562373095,5.658113099390852,9.433335623730924,6.788225099390856,14.14213562373095,5.658113099390855,9.433335623730949
0.49,6.929646455628162,14.14213562373095,5.751955955628159,9.335235623730924,6.929646455628162,14.14213562373095,5.751955955628162,9.335235623730924,6.929646455628166,14.14213562373095,5.751955955628166,9.335235623730949
0.5,7.071067811865471,14.14213562373095,5.844817811865468,9.237135623730923,7.071067811865471,14.14213562373095,5.844817811865472,9.237135623730923,7.071067811865476,14.14213562373095,5.844817811865474,9.23713562373095
0.51,7.21248916810278,14.14213562373095,5.936698668102777,9.139035623730923,7.21248916810278,14.14213562373095,5.936698668102781,9.139035623730923,7.212489168102785,14.14213562373095,5.936698668102784,9.139035623730948
0.52,7.35391052434009,14.14213562373095,6.027598524340086,9.040935623730922,7.35391052434009,14.14213562373095,6.027598524340091,9.040935623730922,7.353910524340095,14.14213562373095,6.027598524340094,9.040935623730949
0.53,7.495331880577399,14.14213562373095,6.117517380577396,8.942835623730922,7.495331880577399,14.14213562373095,6.1175173805774,8.942835623730922,7.495331880577404,14.14213562373095,6.117517380577403,8.942835623730948
0.54,7.636753236814708,14.14213562373095,6.206455236814705,8.844735623730921,7.636753236814708,14.14213562373095,6.206455236814709,8.844735623730921,7.636753236814714,14.14213562373095,6.206455236814713,8.844735623730948
0.55,7.778174593052017,14.14213562373095,6.294412093052014,8.746635623730921,7.778174593052017,14.14213562373095,6.294412093052019,8.746635623730921,7.778174593052023,14.14213562373095,6.294412093052022,8.746635623730949
0.5600000000000001,7.919595949289326,14.14213562373095,6.381387949289324,8.64853562373092,7.919595949289326,14.14213562373095,6.381387949289328,8.64853562373092,7.919595949289334,14.14213562373095,6.381387949289333,8.648535623730949
0.5700000000000001,8.061017305526637,14.14213562373095,6.467382805526633,8.55043562373092,8.061017305526637,14.14213562373095,6.467382805526638,8.55043562373092,8.061017305526644,14.14213562373095,6.467382805526642,8.550435623730948
0.58,8.202438661763946,14.14213562373095,6.552396661763942,8.452335623730919,8.202438661763946,14.14213562373095,6.552396661763948,8.452335623730919,8.202438661763951,14.14213562373095,6.552396661763949,8.452335623730949
0.59,8.343860018001255,14.14213562373095,6.636429518001251,8.354235623730919,8.343860018001255,14.14213562373095,6.636429518001257,8.354235623730919,8.34386001800126,14.14213562373095,6.63642951800126,8.354235623730951
0.6,8.485281374238564,14.14213562373095,6.71948137423856,8.256135623730918,8.485281374238564,14.14213562373095,6.719481374238566,8.256135623730918,8.48528137423857,14.14213562373095,6.719481374238569,8.256135623730948
0.61,8.626702730475873,14.14213562373095,6.80155223047587,8.158035623730918,8.626702730475873,14.14213562373095,6.801552230475876,8.158035623730918,8.626702730475881,14.14213562373095,6.801552230475879,8.158035623730949
0.62,8.768124086713183,14.14213562373095,6.882642086713179,8.059935623730917,8.768124086713183,14.14213562373095,6.882642086713185,8.059935623730917,8.76812408671319,14.14213562373095,6.882642086713188,8.059935623730949
0.63,8.909545442950492,14.14213562373095,6.962750942950488,7.961835623730917,8.909545442950492,14.14213562373095,6.962750942950494,7.961835623730917,8.909545442950499,14.14213562373095,6.962750942950497,7.961835623730948
0.64,9.050966799187801,14.14213562373095,7.041878799187797,7.863735623730918,9.050966799187801,14.14213562373095,7.041878799187804,7.863735623730918,9.050966799187808,14.14213562373095,7.041878799187808,7.863735623730949
0.65,9.19238815542511,14.14213562373095,7.120025655425106,7.765635623730918,9.19238815542511,14.14213562373095,7.120025655425113,7.765635623730918,9.192388155425119,14.14213562373095,7.120025655425117,7.765635623730948
0.66,9.33380951166242,14.14213562373095,7.197191511662416,7.667535623730918,9.33380951166242,14.14213562373095,7.197191511662423,7.667535623730918,9.333809511662428,14.14213562373095,7.197191511662426,7.667535623730949
0.67,9.475230867899729,14.14213562373095,7.273376367899725,7.569435623730919,9.475230867899729,14.14213562373095,7.273376367899732,7.569435623730919,9.475230867899738,14.14213562373095,7.273376367899735,7.569435623730948
0.68,9.616652224137038,14.14213562373095,7.348580224137034,7.471335623730919,9.616652224137038,14.14213562373095,7.348580224137041,7.471335623730919,9.616652224137047,14.14213562373095,7.348580224137047,7.471335623730949
0.6900000000000001,9.758073580374347,14.14213562373095,7.422803080374344,7.37323562373092,9.758073580374347,14.14213562373095,7.422803080374351,7.37323562373092,9.758073580374356,14.14213562373095,7.422803080374356,7.373235623730948
0.7000000000000001,9.899494936611656,14.14213562373095,7.496044936611653,7.27513562373092,9.899494936611656,14.14213562373095,7.496044936611661,7.27513562373092,9.899494936611667,14.14213562373095,7.496044936611664,7.275135623730948
0.71,10.04091629284897,14.14213562373095,7.568305792848962,7.17703562373092,10.04091629284897,14.14213562373095,7.56830579284897,7.17703562373092,10.04091629284897,14.14213562373095,7.568305792848973,7.17703562373095
0.72,10.18233764908627,14.14213562373095,7.639585649086271,7.078935623730921,10.18233764908627,14.14213562373095,7.639585649086279,7.078935623730921,10.18233764908628,14.14213562373095,7.639585649086284,7.078935623730949
0.73,10.32375900532358,14.14213562373095,7.70988450532358,6.980835623730921,10.32375900532358,14.14213562373095,7.709884505323589,6.980835623730921,10.32375900532359,14.14213562373095,7.709884505323593,6.980835623730949
0.74,10.46518036156089,14.14213562373095,7.779202361560889,6.882735623730921,10.46518036156089,14.14213562373095,7.779202361560898,6.882735623730921,10.4651803615609,14.14213562373095,7.779202361560902,6.882735623730949
0.75,10.6066017177982,14.14213562373095,7.847539217798198,6.784635623730922,10.6066017177982,14.14213562373095,7.847539217798208,6.784635623730922,10.60660171779821,14.14213562373095,7.847539217798212,6.784635623730949
0.76,10.74802307403551,14.14213562373095,7.914895074035508,6.686535623730922,10.74802307403551,14.14213562373095,7.914895074035518,6.686535623730922,10.74802307403552,14.14213562373095,7.91489507403552,6.686535623730949
0.77,10.88944443027282,14.14213562373095,7.981269930272817,6.588435623730923,10.88944443027282,14.14213562373095,7.981269930272827,6.588435623730923,10.88944443027283,14.14213562373095,7.981269930272831,6.588435623730948
0.78,11.03086578651013,14.14213562373095,8.046663786510127,6.490335623730923,11.03086578651013,14.14213562373095,8.046663786510136,6.490335623730923,11.03086578651014,14.14213562373095,8.046663786510141,6.490335623730949
0.79,11.17228714274744,14.14213562373095,8.111076642747436,6.392235623730923,11.17228714274744,14.14213562373095,8.111076642747445,6.392235623730923,11.17228714274745,14.14213562373095,8.111076642747449,6.392235623730948
0.8,11.31370849898475,14.14213562373095,8.174508498984746,6.294135623730924,11.31370849898475,14.14213562373095,8.174508498984755,6.294135623730924,11.31370849898476,14.14213562373095,8.174508498984759,6.294135623730948
0.8100000000000001,11.45512985522206,14.14213562373095,8.236959355222055,6.196035623730924,11.45512985522206,14.14213562373095,8.236959355222064,6.196035623730924,11.45512985522207,14.14213562373095,8.236959355222069,6.196035623730948
0.8200000000000001,11.59655121145937,14.14213562373095,8.298429211459364,6.097935623730924,11.59655121145937,14.14213562373095,8.298429211459373,6.097935623730924,11.59655121145938,14.14213562373095,8.298429211459379,6.097935623730947
0.8300000000000001,11.73797256769668,14.14213562373095,8.358918067696674,5.999835623730925,11.73797256769668,14.14213562373095,8.358918067696683,5.999835623730925,11.73797256769669,14.14213562373095,8.358918067696688,5.999835623730949
0.84,11.87939392393399,14.14213562373095,8.418425923933983,5.901735623730925,11.87939392393399,14.14213562373095,8.418425923933993,5.901735623730925,11.879393923934,14.14213562373095,8.418425923933997,5.90173562373095
0.85,12.02081528017129,14.14213562373095,8.476952780171292,5.803635623730925,12.02081528017129,14.14213562373095,8.476952780171302,5.803635623730925,12.02081528017131,14.14213562373095,8.476952780171308,5.803635623730949
0.86,12.1622366364086,14.14213562373095,8.534498636408602,5.705535623730926,12.1622366364086,14.14213562373095,8.534498636408612,5.705535623730926,12.16223663640862,14.14213562373095,8.534498636408618,5.705535623730949
0.87,12.30365799264591,14.14213562373095,8.59106349264591,5.607435623730926,12.30365799264591,14.14213562373095,8.591063492645922,5.607435623730926,12.30365799264593,14.14213562373095,8.591063492645926,5.607435623730948
0.88,12.44507934888322,14.14213562373095,8.646647348883219,5.509335623730927,12.44507934888322,14.14213562373095,8.646647348883231,5.509335623730927,12.44507934888324,14.14213562373095,8.646647348883235,5.509335623730948
0.89,12.58650070512053,14.14213562373095,8.701250205120528,5.411235623730927,12.58650070512053,14.14213562373095,8.701250205120541,5.411235623730927,12.58650070512055,14.14213562373095,8.701250205120544,5.411235623730949
0.9,12.72792206135784,14.14213562373095,8.754872061357839,5.313135623730927,12.72792206135784,14.14213562373095,8.754872061357851,5.313135623730927,12.72792206135786,14.14213562373095,8.754872061357855,5.313135623730949
0.91,12.86934341759515,14.14213562373095,8.807512917595147,5.215035623730928,12.86934341759515,14.14213562373095,8.80751291759516,5.215035623730928,12.86934341759517,14.14213562373095,8.807512917595163,5.215035623730948
0.92,13.01076477383246,14.14213562373095,8.859172773832457,5.116935623730928,13.01076477383246,14.14213562373095,8.859172773832469,5.116935623730928,13.01076477383248,14.14213562373095,8.859172773832473,5.116935623730948
0.93,13.15218613006977,14.14213562373095,8.909851630069767,5.018835623730928,13.15218613006977,14.14213562373095,8.909851630069779,5.018835623730928,13.15218613006978,14.14213562373095,8.909851630069783,5.018835623730949
0.9400000000000001,13.29360748630708,14.14213562373095,8.959549486307075,4.920735623730929,13.29360748630708,14.14213562373095,8.959549486307088,4.920735623730929,13.29360748630709,14.14213562373095,8.959549486307093,4.920735623730948
0.9500000000000001,13.43502884254439,14.14213562373095,9.008266342544385,4.822635623730929,13.43502884254439,14.14213562373095,9.008266342544397,4.822635623730929,13.4350288425444,14.14213562373095,9.008266342544403,4.822635623730948
0.96,13.5764501987817,14.14213562373095,9.056002198781695,4.72453562373093,13.5764501987817,14.14213562373095,9.056002198781707,4.72453562373093,13.57645019878171,14.14213562373095,9.056002198781711,4.724535623730949
0.97,13.71787155501901,14.14213562373095,9.102757055019003,4.62643562373093,13.71787155501901,14.14213562373095,9.102757055019017,4.62643562373093,13.71787155501902,14.14213562373095,9.102757055019019,4.626435623730949
0.98,13.85929291125631,14.14213562373095,9.148530911256312,4.52833562373093,13.85929291125631,14.14213562373095,9.148530911256326,4.52833562373093,13.85929291125633,14.14213562373095,9.14853091125633,4.52833562373095
0.99,14.00071426749362,14.14213562373095,9.193323767493622,4.430235623730931,14.00071426749362,14.14213562373095,9.193323767493636,4.430235623730931,14.00071426749364,14.14213562373095,9.19332376749364,4.430235623730949
1,14.14213562373093,14.14213562373095,9.23713562373093,4.332135623730931,14.14213562373093,14.14213562373095,9.237135623730946,4.332135623730931,14.14213562373095,14.14213562373095,9.23713562373095,4.332135623730949
1.01,14.28355697996824,14.14213562373095,9.279966479968239,4.234035623730931,14.28355697996824,14.14213562373095,9.279966479968255,4.234035623730931,14.28355697996826,14.14213562373095,9.279966479968259,4.234035623730948
1.02,14.42497833620555,14.14213562373095,9.321816336205549,4.135935623730932,14.42497833620555,14.14213562373095,9.321816336205565,4.135935623730932,14.42497833620557,14.14213562373095,9.321816336205567,4.135935623730948
1.03,14.56639969244286,14.14213562373095,9.362685192442859,4.037835623730932,14.56639969244286,14.14213562373095,9.362685192442875,4.037835623730932,14.56639969244288,14.14213562373095,9.362685192442878,4.037835623730949
1.04,14.70782104868017,14.14213562373095,9.402573048680168,3.939735623730932,14.70782104868017,14.14213562373095,9.402573048680184,3.939735623730932,14.70782104868019,14.14213562373095,9.402573048680187,3.939735623730948
1.05,14.84924240491748,14.14213562373095,9.441479904917477,3.841635623730932,14.84924240491748,14.14213562373095,9.441479904917493,3.841635623730932,14.8492424049175,14.14213562373095,9.441479904917497,3.841635623730948
1.06,14.99066376115479,14.14213562373095,9.479405761154787,3.743535623730932,14.99066376115479,14.14213562373095,9.479405761154803,3.743535623730932,14.99066376115481,14.14213562373095,9.479405761154805,3.743535623730947
1.07,15.1320851173921,14.14213562373095,9.516350617392096,3.645435623730932,15.1320851173921,14.14213562373095,9.516350617392114,3.645435623730932,15.13208511739212,14.14213562373095,9.516350617392117,3.645435623730949
1.08,15.27350647362941,14.14213562373095,9.552314473629405,3.547335623730932,15.27350647362941,14.14213562373095,9.552314473629423,3.547335623730932,15.27350647362943,14.14213562373095,9.552314473629426,3.547335623730948
1.09,15.41492782986672,14.14213562373095,9.587297329866715,3.449235623730932,15.41492782986672,14.14213562373095,9.587297329866733,3.449235623730932,15.41492782986674,14.14213562373095,9.587297329866734,3.449235623730948
1.1,15.55634918610403,14.14213562373095,9.621299186104023,3.351135623730932,15.55634918610403,14.14213562373095,9.621299186104043,3.351135623730932,15.55634918610405,14.14213562373095,9.621299186104043,3.351135623730947
1.11,15.69777054234133,14.14213562373095,9.654320042341332,3.253035623730931,15.69777054234133,14.14213562373095,9.654320042341352,3.253035623730931,15.69777054234136,14.14213562373095,9.654320042341354,3.253035623730948
1.12,15.83919189857864,14.14213562373095,9.686359898578642,3.154935623730931,15.83919189857864,14.14213562373095,9.686359898578662,3.154935623730931,15.83919189857867,14.14213562373095,9.686359898578665,3.154935623730948
1.13,15.98061325481595,14.14213562373095,9.717418754815952,3.056835623730931,15.98061325481595,14.14213562373095,9.717418754815972,3.056835623730931,15.98061325481598,14.14213562373095,9.717418754815974,3.056835623730947
1.14,16.12203461105326,14.14213562373095,9.747496611053261,2.958735623730931,16.12203461105326,14.14213562373095,9.747496611053281,2.958735623730931,16.12203461105329,14.14213562373095,9.747496611053283,2.958735623730947
1.15,16.26345596729057,14.14213562373095,9.776593467290571,2.860635623730931,16.26345596729057,14.14213562373095,9.77659346729059,2.860635623730931,16.2634559672906,14.14213562373095,9.776593467290592,2.860635623730948
1.16,16.40487732352788,14.14213562373095,9.804709323527881,2.762535623730931,16.40487732352788,14.14213562373095,9.8047093235279,2.762535623730931,16.4048773235279,14.14213562373095,9.804709323527899,2.762535623730949
1.17,16.54629867976519,14.14213562373095,9.83184417976519,2.664435623730931,16.54629867976519,14.14213562373095,9.831844179765209,2.664435623730931,16.54629867976521,14.14213562373095,9.831844179765209,2.664435623730949
1.18,16.6877200360025,14.14213562373095,9.857998036002499,2.566335623730931,16.6877200360025,14.14213562373095,9.857998036002519,2.566335623730931,16.68772003600252,14.14213562373095,9.85799803600252,2.56633562373095
1.19,16.82914139223981,14.14213562373095,9.883170892239809,2.468235623730931,16.82914139223981,14.14213562373095,9.883170892239828,2.468235623730931,16.82914139223983,14.14213562373095,9.88317089223983,2.46823562373095
1.2,16.97056274847712,14.14213562373095,9.907362748477118,2.370135623730931,16.97056274847712,14.14213562373095,9.907362748477139,2.370135623730931,16.97056274847714,14.14213562373095,9.907362748477139,2.370135623730949
1.21,17.11198410471443,14.14213562373095,9.930573604714427,2.272035623730931,17.11198410471443,14.14213562373095,9.930573604714448,2.272035623730931,17.11198410471445,14.14213562373095,9.930573604714448,2.272035623730948
1.22,17.25340546095174,14.14213562373095,9.952803460951737,2.173935623730931,17.25340546095174,14.14213562373095,9.952803460951758,2.173935623730931,17.25340546095176,14.14213562373095,9.952803460951758,2.17393562373095
1.23,17.39482681718905,14.14213562373095,9.974052317189045,2.075835623730931,17.39482681718905,14.14213562373095,9.974052317189068,2.075835623730931,17.39482681718907,14.14213562373095,9.974052317189066,2.075835623730949
1.24,17.53624817342635,14.14213562373095,9.994320173426354,1.97773562373093,17.53624817342635,14.14213562373095,9.994320173426377,1.97773562373093,17.53624817342638,14.14213562373095,9.994320173426376,1.977735623730949
1.25,17.67766952966366,14.14213562373095,10.01360702966366,1.87963562373093,17.67766952966366,14.14213562373095,10.01360702966369,1.87963562373093,17.67766952966369,14.14213562373095,10.01360702966369,1.879635623730948
1.26,17.81909088590097,14.14213562373095,10.03191288590097,1.78153562373093,17.81909088590097,14.14213562373095,10.031912885901,1.78153562373093,17.819090885901,14.14213562373095,10.03191288590099,1.781535623730948
1.27,17.96051224213828,14.14213562373095,10.04923774213828,1.68343562373093,17.96051224213828,14.14213562373095,10.04923774213831,1.68343562373093,17.96051224213831,14.14213562373095,10.04923774213831,1.683435623730949
1.28,18.10193359837559,14.14213562373095,10.06558159837559,1.58533562373093,18.10193359837559,14.14213562373095,10.06558159837562,1.58533562373093,18.10193359837562,14.14213562373095,10.06558159837562,1.585335623730948
1.29,18.2433549546129,14.14213562373095,10.0809444546129,1.48723562373093,18.2433549546129,14.14213562373095,10.08094445461293,1.48723562373093,18.24335495461293,14.14213562373095,10.08094445461292,1.487235623730948
1.3,18.38477631085021,14.14213562373095,10.09532631085021,1.38913562373093,18.38477631085021,14.14213562373095,10.09532631085023,1.38913562373093,18.38477631085024,14.14213562373095,10.09532631085023,1.389135623730947
1.31,18.52619766708752,14.14213562373095,10.10872716708752,1.29103562373093,18.52619766708752,14.14213562373095,10.10872716708754,1.29103562373093,18.52619766708755,14.14213562373095,10.10872716708754,1.291035623730949
1.32,18.66761902332483,14.14213562373095,10.12114702332483,1.19293562373093,18.66761902332483,14.14213562373095,10.12114702332485,1.19293562373093,18.66761902332486,14.14213562373095,10.12114702332485,1.192935623730948
1.33,18.80904037956214,14.14213562373095,10.13258587956214,1.09483562373093,18.80904037956214,14.14213562373095,10.13258587956216,1.09483562373093,18.80904037956217,14.14213562373095,10.13258587956216,1.094835623730948
1.34,18.95046173579945,14.14213562373095,10.14304373579945,0.9967356237309298,18.95046173579945,14.14213562373095,10.14304373579947,0.9967356237309298,18.95046173579948,14.14213562373095,10.14304373579947,0.996735623730947
1.35,19.09188309203676,14.14213562373095,10.15252059203676,0.8986356237309299,19.09188309203676,14.14213562373095,10.15252059203678,0.8986356237309299,19.09188309203678,14.14213562373095,10.15252059203678,0.8986356237309483
1.36,19.23330444827407,14.14213562373095,10.16101644827407,0.8005356237309299,19.23330444827407,14.14213562373095,10.16101644827409,0.8005356237309299,19.23330444827409,14.14213562373095,10.16101644827409,0.8005356237309478
1.37,19.37472580451137,14.14213562373095,10.16853130451138,0.7024356237309299,19.37472580451137,14.14213562373095,10.1685313045114,0.7024356237309299,19.3747258045114,14.14213562373095,10.1685313045114,0.7024356237309473
1.38,19.51614716074868,14.14213562373095,10.17506516074869,0.60433562373093,19.51614716074868,14.14213562373095,10.17506516074871,0.60433562373093,19.51614716074871,14.14213562373095,10.17506516074871,0.6043356237309467
1.39,19.65756851698599,14.14213562373095,10.180618016986,0.50623562373093,19.65756851698599,14.14213562373095,10.18061801698602,0.50623562373093,19.65756851698603,14.14213562373095,10.18061801698602,0.506235623730948
1.4,19.7989898732233,14.14213562373095,10.1851898732233,0.40813562373093,19.7989898732233,14.14213562373095,10.18518987322333,0.40813562373093,19.79898987322333,14.14213562373095,10.18518987322333,0.4081356237309475
1.41,19.94041122946061,14.14213562373095,10.18878072946061,0.31003562373093,19.94041122946061,14.14213562373095,10.18878072946064,0.31003562373093,19.94041122946064,14.14213562373095,10.18878072946064,0.3100356237309487
1.42,20.08183258569792,14.14213562373095,10.19139058569792,0.2119356237309299,20.08183258569792,14.14213562373095,10.19139058569795,0.2119356237309299,20.08183258569795,14.14213562373095,10.19139058569795,0.21193562373095
1.43,20.22325394193523,14.14213562373095,10.19301944193523,0.1138356237309299,20.22325394193523,14.14213562373095,10.19301944193526,0.1138356237309299,20.22325394193526,14.14213562373095,10.19301944193526,0.1138356237309495
1.44,20.36467529817254,14.14213562373095,10.19366729817254,0.01573562373092993,20.36467529817254,14.14213562373095,10.19366729817257,0.01573562373092993,20.36467529817257,14.14213562373095,10.19366729817257,0.01573562373094894
1.45,20.50609665440985,14.14213562373095,10.19333415440985,-0.08236437626907007,20.50609665440985,14.14213562373095,10.19333415440988,-0.08236437626907007,20.50609665440988,14.14213562373095,10.19333415440988,-0.08236437626905158
1.46,20.64751801064716,14.14213562373095,10.19202001064716,-0.1804643762690701,20.64751801064716,14.14213562373095,10.19202001064719,-0.1804643762690701,20.64751801064719,14.14213562373095,10.19202001064719,-0.1804643762690503
1.47,20.78893936688447,14.14213562373095,10.18972486688447,-0.2785643762690701,20.78893936688447,14.14213562373095,10.1897248668845,-0.2785643762690701,20.7889393668845,14.14213562373095,10.18972486688449,-0.2785643762690508
1.48,20.93036072312178,14.14213562373095,10.18644872312178,-0.3766643762690701,20.93036072312178,14.14213562373095,10.18644872312181,-0.3766643762690701,20.93036072312181,14.14213562373095,10.1864487231218,-0.3766643762690514
1.49,21.07178207935909,14.14213562373095,10.18219157935909,-0.4747643762690701,21.07178207935909,14.14213562373095,10.18219157935912,-0.4747643762690701,21.07178207935912,14.14213562373095,10.18219157935911,-0.4747643762690519
1.5,21.21320343559639,14.14213562373095,10.1769534355964,-0.5728643762690702,21.21320343559639,14.14213562373095,10.17695343559643,-0.5728643762690702,21.21320343559643,14.14213562373095,10.17695343559642,-0.5728643762690506
1.51,21.3546247918337,14.14213562373095,10.17073429183371,-0.6709643762690701,21.3546247918337,14.14213562373095,10.17073429183374,-0.6709643762690701,21.35462479183374,14.14213562373095,10.17073429183373,-0.6709643762690511
1.52,21.49604614807101,14.14213562373095,10.16353414807102,-0.7690643762690701,21.49604614807101,14.14213562373095,10.16353414807105,-0.7690643762690701,21.49604614807104,14.14213562373095,10.16353414807104,-0.7690643762690517
1.53,21.63746750430832,14.14213562373095,10.15535300430833,-0.8671643762690701,21.63746750430832,14.14213562373095,10.15535300430836,-0.8671643762690701,21.63746750430835,14.14213562373095,10.15535300430835,-0.8671643762690522
1.54,21.77888886054563,14.14213562373095,10.14619086054564,-0.96526437626907,21.77888886054563,14.14213562373095,10.14619086054567,-0.96526437626907,21.77888886054566,14.14213562373095,10.14619086054566,-0.9652643762690527
1.55,21.92031021678294,14.14213562373095,10.13604771678295,-1.06336437626907,21.92031021678294,14.14213562373095,10.13604771678298,-1.06336437626907,21.92031021678298,14.14213562373095,10.13604771678297,-1.063364376269051
1.56,22.06173157302025,14.14213562373095,10.12492357302025,-1.16146437626907,22.06173157302025,14.14213562373095,10.12492357302028,-1.16146437626907,22.06173157302029,14.14213562373095,10.12492357302028,-1.161464376269052
1.57,22.20315292925756,14.14213562373095,10.11281842925756,-1.25956437626907,22.20315292925756,14.14213562373095,10.11281842925759,-1.25956437626907,22.20315292925759,14.14213562373095,10.11281842925759,-1.259564376269052
1.58,22.34457428549487,14.14213562373095,10.09973228549487,-1.35766437626907,22.34457428549487,14.14213562373095,10.0997322854949,-1.35766437626907,22.3445742854949,14.14213562373095,10.0997322854949,-1.357664376269053
1.59,22.48599564173218,14.14213562373095,10.08566514173218,-1.45576437626907,22.48599564173218,14.14213562373095,10.08566514173221,-1.45576437626907,22.48599564173221,14.14213562373095,10.08566514173221,-1.455764376269052
1.6,22.62741699796949,14.14213562373095,10.07061699796949,-1.55386437626907,22.62741699796949,14.14213562373095,10.07061699796952,-1.55386437626907,22.62741699796952,14.14213562373095,10.07061699796952,-1.553864376269052
1.61,22.7688383542068,14.14213562373095,10.0545878542068,-1.651964376269071,22.7688383542068,14.14213562373095,10.05458785420683,-1.651964376269071,22.76883835420683,14.14213562373095,10.05458785420683,-1.651964376269053
1.62,22.91025971044411,14.14213562373095,10.03757771044411,-1.750064376269071,22.91025971044411,14.14213562373095,10.03757771044414,-1.750064376269071,22.91025971044414,14.14213562373095,10.03757771044414,-1.750064376269053
1.63,23.05168106668141,14.14213562373095,10.01958656668142,-1.848164376269071,23.05168106668141,14.14213562373095,10.01958656668145,-1.848164376269071,23.05168106668145,14.14213562373095,10.01958656668145,-1.848164376269052
1.64,23.19310242291872,14.14213562373095,10.00061442291873,-1.946264376269071,23.19310242291872,14.14213562373095,10.00061442291876,-1.946264376269071,23.19310242291876,14.14213562373095,10.00061442291875,-1.946264376269054
1.65,23.33452377915603,14.14213562373095,9.980661279156038,-2.044364376269071,23.33452377915603,14.14213562373095,9.980661279156072,-2.044364376269071,23.33452377915607,14.14213562373095,9.980661279156065,-2.044364376269053
1.66,23.47594513539334,14.14213562373095,9.959727135393347,-2.142464376269071,23.47594513539334,14.14213562373095,9.959727135393381,-2.142464376269071,23.47594513539338,14.14213562373095,9.959727135393376,-2.142464376269052
1.67,23.61736649163065,14.14213562373095,9.937811991630657,-2.240564376269071,23.61736649163065,14.14213562373095,9.93781199163069,-2.240564376269071,23.61736649163069,14.14213562373095,9.937811991630683,-2.240564376269051
1.68,23.75878784786796,14.14213562373095,9.914915847867967,-2.338664376269071,23.75878784786796,14.14213562373095,9.914915847868,-2.338664376269071,23.758787847868,14.14213562373095,9.914915847867995,-2.338664376269049
1.69,23.90020920410527,14.14213562373095,9.891038704105275,-2.436764376269071,23.90020920410527,14.14213562373095,9.891038704105309,-2.436764376269071,23.90020920410531,14.14213562373095,9.891038704105302,-2.436764376269052
1.7,24.04163056034258,14.14213562373095,9.866180560342585,-2.534864376269071,24.04163056034258,14.14213562373095,9.866180560342618,-2.534864376269071,24.04163056034261,14.14213562373095,9.866180560342615,-2.53486437626905
1.71,24.18305191657989,14.14213562373095,9.840341416579895,-2.632964376269071,24.18305191657989,14.14213562373095,9.840341416579928,-2.632964376269071,24.18305191657993,14.14213562373095,9.840341416579923,-2.632964376269053
1.72,24.3244732728172,14.14213562373095,9.813521272817203,-2.731064376269071,24.3244732728172,14.14213562373095,9.813521272817239,-2.731064376269071,24.32447327281724,14.14213562373095,9.813521272817233,-2.731064376269051
1.73,24.46589462905451,14.14213562373095,9.785720129054512,-2.829164376269071,24.46589462905451,14.14213562373095,9.785720129054548,-2.829164376269071,24.46589462905455,14.14213562373095,9.785720129054543,-2.82916437626905
1.74,24.60731598529182,14.14213562373095,9.756937985291822,-2.927264376269072,24.60731598529182,14.14213562373095,9.756937985291858,-2.927264376269072,24.60731598529186,14.14213562373095,9.756937985291851,-2.927264376269052
1.75,24.74873734152913,14.14213562373095,9.727174841529131,-3.025364376269072,24.74873734152913,14.14213562373095,9.727174841529168,-3.025364376269072,24.74873734152916,14.14213562373095,9.727174841529161,-3.025364376269051
1.76,24.89015869776643,14.14213562373095,9.69643069776644,-3.123464376269072,24.89015869776643,14.14213562373095,9.696430697766477,-3.123464376269072,24.89015869776647,14.14213562373095,9.696430697766468,-3.123464376269053
1.77,25.03158005400374,14.14213562373095,9.664705554003749,-3.221564376269072,25.03158005400374,14.14213562373095,9.664705554003787,-3.221564376269072,25.03158005400378,14.14213562373095,9.664705554003778,-3.221564376269052
1.78,25.17300141024105,14.14213562373095,9.631999410241059,-3.319664376269072,25.17300141024105,14.14213562373095,9.631999410241097,-3.319664376269072,25.17300141024109,14.14213562373095,9.631999410241088,-3.319664376269051
1.79,25.31442276647836,14.14213562373095,9.598312266478368,-3.417764376269072,25.31442276647836,14.14213562373095,9.598312266478406,-3.417764376269072,25.3144227664784,14.14213562373095,9.598312266478398,-3.417764376269053
1.8,25.45584412271567,14.14213562373095,9.563644122715678,-3.515864376269072,25.45584412271567,14.14213562373095,9.563644122715715,-3.515864376269072,25.45584412271571,14.14213562373095,9.56364412271571,-3.515864376269052
1.81,25.59726547895298,14.14213562373095,9.527994978952988,-3.613964376269072,25.59726547895298,14.14213562373095,9.527994978953025,-3.613964376269072,25.59726547895302,14.14213562373095,9.527994978953018,-3.613964376269051
1.82,25.73868683519029,14.14213562373095,9.491364835190296,-3.712064376269072,25.73868683519029,14.14213562373095,9.491364835190334,-3.712064376269072,25.73868683519033,14.14213562373095,9.491364835190325,-3.712064376269053
1.83,25.8801081914276,14.14213562373095,9.453753691427606,-3.810164376269072,25.8801081914276,14.14213562373095,9.453753691427643,-3.810164376269072,25.88010819142764,14.14213562373095,9.453753691427636,-3.810164376269052
1.84,26.02152954766491,14.14213562373095,9.415161547664916,-3.908264376269072,26.02152954766491,14.14213562373095,9.415161547664953,-3.908264376269072,26.02152954766495,14.14213562373095,9.415161547664944,-3.908264376269054
1.85,26.16295090390222,14.14213562373095,9.375588403902224,-4.006364376269072,26.16295090390222,14.14213562373095,9.375588403902263,-4.006364376269072,26.16295090390226,14.14213562373095,9.375588403902253,-4.006364376269053
1.86,26.30437226013953,14.14213562373095,9.335034260139533,-4.104464376269072,26.30437226013953,14.14213562373095,9.335034260139572,-4.104464376269072,26.30437226013957,14.14213562373095,9.335034260139565,-4.104464376269052
1.87,26.44579361637684,14.14213562373095,9.293499116376843,-4.202564376269072,26.44579361637684,14.14213562373095,9.293499116376882,-4.202564376269072,26.44579361637688,14.14213562373095,9.293499116376871,-4.202564376269054
1.88,26.58721497261415,14.14213562373095,9.250982972614151,-4.300664376269071,26.58721497261415,14.14213562373095,9.250982972614192,-4.300664376269071,26.58721497261419,14.14213562373095,9.250982972614185,-4.300664376269053
1.89,26.72863632885145,14.14213562373095,9.20748582885146,-4.398764376269071,26.72863632885145,14.14213562373095,9.207485828851501,-4.398764376269071,26.7286363288515,14.14213562373095,9.207485828851496,-4.398764376269051
1.9,26.87005768508876,14.14213562373095,9.16300768508877,-4.496864376269071,26.87005768508876,14.14213562373095,9.163007685088811,-4.496864376269071,26.87005768508881,14.14213562373095,9.163007685088804,-4.496864376269054
1.91,27.01147904132607,14.14213562373095,9.11754854132608,-4.59496437626907,27.01147904132607,14.14213562373095,9.117548541326121,-4.59496437626907,27.01147904132612,14.14213562373095,9.117548541326112,-4.594964376269052
1.92,27.15290039756338,14.14213562373095,9.071108397563389,-4.69306437626907,27.15290039756338,14.14213562373095,9.07110839756343,-4.69306437626907,27.15290039756342,14.14213562373095,9.071108397563421,-4.693064376269051
1.93,27.29432175380069,14.14213562373095,9.023687253800698,-4.791164376269069,27.29432175380069,14.14213562373095,9.023687253800739,-4.791164376269069,27.29432175380073,14.14213562373095,9.02368725380073,-4.79116437626905
1.94,27.435743110038,14.14213562373095,8.975285110038008,-4.889264376269069,27.435743110038,14.14213562373095,8.975285110038049,-4.889264376269069,27.43574311003804,14.14213562373095,8.97528511003804,-4.889264376269052
1.95,27.57716446627531,14.14213562373095,8.925901966275317,-4.987364376269069,27.57716446627531,14.14213562373095,8.925901966275358,-4.987364376269069,27.57716446627535,14.14213562373095,8.925901966275347,-4.987364376269051
1.96,27.71858582251262,14.14213562373095,8.875537822512626,-5.085464376269068,27.71858582251262,14.14213562373095,8.875537822512667,-5.085464376269068,27.71858582251267,14.14213562373095,8.875537822512662,-5.08546437626905
1.97,27.86000717874993,14.14213562373095,8.824192678749936,-5.183564376269068,27.86000717874993,14.14213562373095,8.824192678749977,-5.183564376269068,27.86000717874997,14.14213562373095,8.82419267874997,-5.183564376269052
1.98,28.00142853498724,14.14213562373095,8.771866534987245,-5.281664376269068,28.00142853498724,14.14213562373095,8.771866534987288,-5.281664376269068,28.00142853498728,14.14213562373095,8.771866534987279,-5.281664376269051
1.99,28.14284989122455,14.14213562373095,8.718559391224554,-5.379764376269067,28.14284989122455,14.14213562373095,8.718559391224597,-5.379764376269067,28.14284989122459,14.14213562373095,8.718559391224588,-5.379764376269053
2,28.28427124746186,14.14213562373095,8.664271247461864,-5.477864376269067,28.28427124746186,14.14213562373095,8.664271247461906,-5.477864376269067,28.2842712474619,14.14213562373095,8.664271247461897,-5.477864376269052
2.01,28.42569260369917,14.14213562373095,8.609002103699172,-5.575964376269066,28.42569260369917,14.14213562373095,8.609002103699217,-5.575964376269066,28.42569260369921,14.14213562373095,8.609002103699204,-5.575964376269054
2.02,28.56711395993647,14.14213562373095,8.552751959936481,-5.674064376269066,28.56711395993647,14.14213562373095,8.552751959936526,-5.674064376269066,28.56711395993652,14.14213562373095,8.552751959936515,-5.674064376269053
2.03,28.70853531617378,14.14213562373095,8.495520816173791,-5.772164376269066,28.70853531617378,14.14213562373095,8.495520816173835,-5.772164376269066,28.70853531617383,14.14213562373095,8.495520816173823,-5.772164376269055
2.04,28.84995667241109,14.14213562373095,8.437308672411101,-5.870264376269065,28.84995667241109,14.14213562373095,8.437308672411145,-5.870264376269065,28.84995667241114,14.14213562373095,8.437308672411131,-5.870264376269054
2.05,28.9913780286484,14.14213562373095,8.37811552864841,-5.968364376269065,28.9913780286484,14.14213562373095,8.378115528648454,-5.968364376269065,28.99137802864845,14.14213562373095,8.378115528648447,-5.968364376269049
2.06,29.13279938488571,14.14213562373095,8.317941384885719,-6.066464376269065,29.13279938488571,14.14213562373095,8.317941384885764,-6.066464376269065,29.13279938488576,14.14213562373095,8.317941384885756,-6.066464376269051
2.07,29.27422074112302,14.14213562373095,8.256786241123029,-6.164564376269064,29.27422074112302,14.14213562373095,8.256786241123073,-6.164564376269064,29.27422074112307,14.14213562373095,8.256786241123066,-6.16456437626905
2.08,29.41564209736033,14.14213562373095,8.194650097360338,-6.262664376269064,29.41564209736033,14.14213562373095,8.194650097360384,-6.262664376269064,29.41564209736038,14.14213562373095,8.194650097360373,-6.262664376269052
2.09,29.55706345359764,14.14213562373095,8.131532953597647,-6.360764376269064,29.55706345359764,14.14213562373095,8.131532953597693,-6.360764376269064,29.55706345359769,14.14213562373095,8.131532953597684,-6.360764376269051
2.1,29.69848480983495,14.14213562373095,8.067434809834957,-6.458864376269063,29.69848480983495,14.14213562373095,8.067434809835003,-6.458864376269063,29.698484809835,14.14213562373095,8.067434809834989,-6.458864376269053
2.11,29.83990616607226,14.14213562373095,8.002355666072265,-6.556964376269063,29.83990616607226,14.14213562373095,8.002355666072313,-6.556964376269063,29.8399061660723,14.14213562373095,8.002355666072301,-6.556964376269052
2.12,29.98132752230957,14.14213562373095,7.936295522309575,-6.655064376269062,29.98132752230957,14.14213562373095,7.936295522309623,-6.655064376269062,29.98132752230962,14.14213562373095,7.936295522309607,-6.655064376269054
2.13,30.12274887854688,14.14213562373095,7.869254378546884,-6.753164376269062,30.12274887854688,14.14213562373095,7.869254378546933,-6.753164376269062,30.12274887854693,14.14213562373095,7.869254378546923,-6.75316437626905
2.14,30.26417023478418,14.14213562373095,7.801232234784194,-6.851264376269062,30.26417023478418,14.14213562373095,7.801232234784242,-6.851264376269062,30.26417023478424,14.14213562373095,7.801232234784234,-6.851264376269052
2.15,30.40559159102149,14.14213562373095,7.732229091021503,-6.949364376269061,30.40559159102149,14.14213562373095,7.732229091021552,-6.949364376269061,30.40559159102154,14.14213562373095,7.732229091021541,-6.949364376269051
2.16,30.5470129472588,14.14213562373095,7.662244947258812,-7.047464376269061,30.5470129472588,14.14213562373095,7.662244947258862,-7.047464376269061,30.54701294725886,14.14213562373095,7.662244947258849,-7.047464376269053
2.17,30.68843430349611,14.14213562373095,7.591279803496121,-7.145564376269061,30.68843430349611,14.14213562373095,7.591279803496172,-7.145564376269061,30.68843430349616,14.14213562373095,7.591279803496157,-7.145564376269052
2.18,30.82985565973342,14.14213562373095,7.519333659733431,-7.24366437626906,30.82985565973342,14.14213562373095,7.519333659733482,-7.24366437626906,30.82985565973348,14.14213562373095,7.519333659733466,-7.243664376269054
2.19,30.97127701597073,14.14213562373095,7.44640651597074,-7.34176437626906,30.97127701597073,14.14213562373095,7.446406515970791,-7.34176437626906,30.97127701597078,14.14213562373095,7.446406515970775,-7.341764376269053
2.2,31.11269837220804,14.14213562373095,7.372498372208049,-7.439864376269059,31.11269837220804,14.14213562373095,7.372498372208101,-7.439864376269059,31.11269837220809,14.14213562373095,7.372498372208085,-7.439864376269055
2.21,31.25411972844535,14.14213562373095,7.297609228445359,-7.537964376269059,31.25411972844535,14.14213562373095,7.297609228445411,-7.537964376269059,31.2541197284454,14.14213562373095,7.297609228445396,-7.53796437626905
2.22,31.39554108468266,14.14213562373095,7.221739084682668,-7.636064376269059,31.39554108468266,14.14213562373095,7.22173908468272,-7.636064376269059,31.39554108468272,14.14213562373095,7.221739084682703,-7.636064376269053
2.23,31.53696244091997,14.14213562373095,7.144887940919978,-7.734164376269058,31.53696244091997,14.14213562373095,7.14488794092003,-7.734164376269058,31.53696244092002,14.14213562373095,7.144887940920018,-7.734164376269051
2.24,31.67838379715728,14.14213562373095,7.067055797157288,-7.832264376269058,31.67838379715728,14.14213562373095,7.067055797157339,-7.832264376269058,31.67838379715733,14.14213562373095,7.067055797157327,-7.832264376269054
2.25,31.81980515339459,14.14213562373095,6.988242653394597,-7.930364376269058,31.81980515339459,14.14213562373095,6.988242653394649,-7.930364376269058,31.81980515339464,14.14213562373095,6.988242653394636,-7.930364376269052
2.26,31.9612265096319,14.14213562373095,6.908448509631906,-8.028464376269058,31.9612265096319,14.14213562373095,6.908448509631959,-8.028464376269058,31.96122650963195,14.14213562373095,6.908448509631942,-8.028464376269055
2.27,32.10264786586921,14.14213562373095,6.827673365869216,-8.126564376269059,32.10264786586921,14.14213562373095,6.827673365869268,-8.126564376269059,32.10264786586926,14.14213562373095,6.827673365869256,-8.126564376269053
2.28,32.24406922210652,14.14213562373095,6.745917222106525,-8.224664376269059,32.24406922210652,14.14213562373095,6.745917222106578,-8.224664376269059,32.24406922210657,14.14213562373095,6.745917222106559,-8.224664376269056
2.29,32.38549057834383,14.14213562373095,6.663180078343834,-8.32276437626906,32.38549057834383,14.14213562373095,6.663180078343887,-8.32276437626906,32.38549057834388,14.14213562373095,6.663180078343878,-8.322764376269051
2.3,32.52691193458114,14.14213562373095,6.579461934581143,-8.42086437626906,32.52691193458114,14.14213562373095,6.579461934581198,-8.42086437626906,32.52691193458119,14.14213562373095,6.579461934581179,-8.420864376269053
2.31,32.66833329081845,14.14213562373095,6.494762790818453,-8.518964376269061,32.66833329081845,14.14213562373095,6.494762790818507,-8.518964376269061,32.6683332908185,14.14213562373095,6.494762790818495,-8.518964376269052
2.32,32.80975464705575,14.14213562373095,6.409082647055762,-8.617064376269061,32.80975464705575,14.14213562373095,6.409082647055817,-8.617064376269061,32.8097546470558,14.14213562373095,6.409082647055801,-8.617064376269051
2.33,32.95117600329306,14.14213562373095,6.322421503293072,-8.715164376269062,32.95117600329306,14.14213562373095,6.322421503293127,-8.715164376269062,32.95117600329311,14.14213562373095,6.322421503293111,-8.715164376269053
2.34,33.09259735953037,14.14213562373095,6.234779359530381,-8.813264376269062,33.09259735953037,14.14213562373095,6.234779359530436,-8.813264376269062,33.09259735953042,14.14213562373095,6.234779359530418,-8.813264376269052
2.35,33.23401871576768,14.14213562373095,6.14615621576769,-8.911364376269063,33.23401871576768,14.14213562373095,6.146156215767745,-8.911364376269063,33.23401871576774,14.14213562373095,6.146156215767729,-8.911364376269054
2.36,33.37544007200499,14.14213562373095,6.056552072005,-9.009464376269063,33.37544007200499,14.14213562373095,6.056552072005055,-9.009464376269063,33.37544007200504,14.14213562373095,6.056552072005044,-9.009464376269049
2.37,33.5168614282423,14.14213562373095,5.96596692824231,-9.107564376269064,33.5168614282423,14.14213562373095,5.965966928242365,-9.107564376269064,33.51686142824236,14.14213562373095,5.965966928242349,-9.107564376269051
2.38,33.65828278447961,14.14213562373095,5.874400784479619,-9.205664376269064,33.65828278447961,14.14213562373095,5.874400784479675,-9.205664376269064,33.65828278447966,14.14213562373095,5.874400784479661,-9.20566437626905
2.39,33.79970414071692,14.14213562373095,5.781853640716928,-9.303764376269065,33.79970414071692,14.14213562373095,5.781853640716984,-9.303764376269065,33.79970414071698,14.14213562373095,5.781853640716964,-9.303764376269053
2.4,33.94112549695423,14.14213562373095,5.688325496954238,-9.401864376269065,33.94112549695423,14.14213562373095,5.688325496954294,-9.401864376269065,33.94112549695428,14.14213562373095,5.688325496954278,-9.401864376269051
2.41,34.08254685319154,14.14213562373095,5.593816353191547,-9.499964376269066,34.08254685319154,14.14213562373095,5.593816353191603,-9.499964376269066,34.08254685319159,14.14213562373095,5.593816353191581,-9.499964376269054
2.42,34.22396820942885,14.14213562373095,5.498326209428856,-9.598064376269066,34.22396820942885,14.14213562373095,5.498326209428913,-9.598064376269066,34.2239682094289,14.14213562373095,5.498326209428896,-9.598064376269052
2.43,34.36538956566616,14.14213562373095,5.401855065666165,-9.696164376269067,34.36538956566616,14.14213562373095,5.401855065666222,-9.696164376269067,34.36538956566621,14.14213562373095,5.401855065666201,-9.696164376269055
2.44,34.50681092190347,14.14213562373095,5.304402921903475,-9.794264376269068,34.50681092190347,14.14213562373095,5.304402921903532,-9.794264376269068,34.50681092190352,14.14213562373095,5.304402921903517,-9.79426437626905
2.45,34.64823227814077,14.14213562373095,5.205969778140784,-9.892364376269068,34.64823227814077,14.14213562373095,5.205969778140841,-9.892364376269068,34.64823227814083,14.14213562373095,5.205969778140826,-9.892364376269052
2.46,34.78965363437808,14.14213562373095,5.106555634378093,-9.990464376269069,34.78965363437808,14.14213562373095,5.106555634378151,-9.990464376269069,34.78965363437814,14.14213562373095,5.106555634378132,-9.990464376269051
2.47,34.93107499061539,14.14213562373095,5.006160490615403,-10.08856437626907,34.93107499061539,14.14213562373095,5.006160490615461,-10.08856437626907,34.93107499061545,14.14213562373095,5.006160490615443,-10.08856437626905
2.48,35.0724963468527,14.14213562373095,4.904784346852712,-10.18666437626907,35.0724963468527,14.14213562373095,4.90478434685277,-10.18666437626907,35.07249634685276,14.14213562373095,4.90478434685275,-10.18666437626905
2.49,35.21391770309001,14.14213562373095,4.802427203090021,-10.28476437626907,35.21391770309001,14.14213562373095,4.80242720309008,-10.28476437626907,35.21391770309007,14.14213562373095,4.802427203090062,-10.28476437626905
2.5,35.35533905932732,14.14213562373095,4.69908905932733,-10.38286437626907,35.35533905932732,14.14213562373095,4.699089059327389,-10.38286437626907,35.35533905932738,14.14213562373095,4.699089059327367,-10.38286437626905
2.51,35.49676041556463,14.14213562373095,4.59476991556464,-10.48096437626907,35.49676041556463,14.14213562373095,4.594769915564699,-10.48096437626907,35.49676041556469,14.14213562373095,4.59476991556468,-10.48096437626906
2.52,35.63818177180194,14.14213562373095,4.489469771801949,-10.57906437626907,35.63818177180194,14.14213562373095,4.489469771802009,-10.57906437626907,35.638181771802,14.14213562373095,4.489469771801986,-10.57906437626905
2.53,35.77960312803925,14.14213562373095,4.383188628039258,-10.67716437626907,35.77960312803925,14.14213562373095,4.383188628039318,-10.67716437626907,35.77960312803931,14.14213562373095,4.383188628039296,-10.67716437626906
2.54,35.92102448427656,14.14213562373095,4.275926484276567,-10.77526437626907,35.92102448427656,14.14213562373095,4.275926484276628,-10.77526437626907,35.92102448427661,14.14213562373095,4.275926484276614,-10.77526437626905
2.55,36.06244584051387,14.14213562373095,4.167683340513877,-10.87336437626907,36.06244584051387,14.14213562373095,4.167683340513937,-10.87336437626907,36.06244584051393,14.14213562373095,4.167683340513918,-10.87336437626905
2.56,36.20386719675118,14.14213562373095,4.058459196751186,-10.97146437626907,36.20386719675118,14.14213562373095,4.058459196751246,-10.97146437626907,36.20386719675123,14.14213562373095,4.05845919675123,-10.97146437626905
2.57,36.34528855298849,14.14213562373095,3.948254052988495,-11.06956437626907,36.34528855298849,14.14213562373095,3.948254052988556,-11.06956437626907,36.34528855298854,14.14213562373095,3.948254052988538,-11.06956437626905
2.58,36.48670990922579,14.14213562373095,3.837067909225805,-11.16766437626907,36.48670990922579,14.14213562373095,3.837067909225865,-11.16766437626907,36.48670990922585,14.14213562373095,3.837067909225844,-11.16766437626905
2.59,36.6281312654631,14.14213562373095,3.724900765463114,-11.26576437626908,36.6281312654631,14.14213562373095,3.724900765463174,-11.26576437626908,36.62813126546316,14.14213562373095,3.724900765463154,-11.26576437626905
2.6,36.76955262170041,14.14213562373095,3.611752621700423,-11.36386437626908,36.76955262170041,14.14213562373095,3.611752621700483,-11.36386437626908,36.76955262170048,14.14213562373095,3.611752621700461,-11.36386437626905
2.61,36.91097397793772,14.14213562373095,3.497623477937732,-11.46196437626908,36.91097397793772,14.14213562373095,3.497623477937792,-11.46196437626908,36.91097397793778,14.14213562373095,3.497623477937779,-11.46196437626905
2.62,37.05239533417503,14.14213562373095,3.382513334175042,-11.56006437626908,37.05239533417503,14.14213562373095,3.382513334175101,-11.56006437626908,37.0523953341751,14.14213562373095,3.382513334175087,-11.56006437626905
2.63,37.19381669041234,14.14213562373095,3.266422190412351,-11.65816437626908,37.19381669041234,14.14213562373095,3.26642219041241,-11.65816437626908,37.1938166904124,14.14213562373095,3.266422190412399,-11.65816437626905
2.64,37.33523804664965,14.14213562373095,3.14935004664966,-11.75626437626908,37.33523804664965,14.14213562373095,3.149350046649719,-11.75626437626908,37.33523804664971,14.14213562373095,3.149350046649701,-11.75626437626905
2.65,37.47665940288696,14.14213562373095,3.031296902886969,-11.85436437626908,37.47665940288696,14.14213562373095,3.031296902887028,-11.85436437626908,37.47665940288702,14.14213562373095,3.031296902887014,-11.85436437626905
2.66,37.61808075912427,14.14213562373095,2.912262759124279,-11.95246437626908,37.61808075912427,14.14213562373095,2.912262759124337,-11.95246437626908,37.61808075912433,14.14213562373095,2.912262759124317,-11.95246437626905
2.67,37.75950211536158,14.14213562373095,2.792247615361588,-12.05056437626908,37.75950211536158,14.14213562373095,2.792247615361646,-12.05056437626908,37.75950211536164,14.14213562373095,2.792247615361632,-12.05056437626905
2.68,37.90092347159889,14.14213562373095,2.671251471598897,-12.14866437626908,37.90092347159889,14.14213562373095,2.671251471598955,-12.14866437626908,37.90092347159895,14.14213562373095,2.671251471598936,-12.14866437626906
2.69,38.0423448278362,14.14213562373095,2.549274327836206,-12.24676437626908,38.0423448278362,14.14213562373095,2.549274327836264,-12.24676437626908,38.04234482783626,14.14213562373095,2.549274327836251,-12.24676437626905
2.7,38.18376618407351,14.14213562373095,2.426316184073515,-12.34486437626908,38.18376618407351,14.14213562373095,2.426316184073573,-12.34486437626908,38.18376618407357,14.14213562373095,2.426316184073556,-12.34486437626905
2.71,38.32518754031081,14.14213562373095,2.302377040310825,-12.44296437626908,38.32518754031081,14.14213562373095,2.302377040310882,-12.44296437626908,38.32518754031088,14.14213562373095,2.302377040310873,-12.44296437626905
2.72,38.46660889654812,14.14213562373095,2.177456896548134,-12.54106437626908,38.46660889654812,14.14213562373095,2.177456896548191,-12.54106437626908,38.46660889654819,14.14213562373095,2.177456896548179,-12.54106437626905
2.73,38.60803025278543,14.14213562373095,2.051555752785443,-12.63916437626908,38.60803025278543,14.14213562373095,2.0515557527855,-12.63916437626908,38.6080302527855,14.14213562373095,2.05155575278549,-12.63916437626905
2.74,38.74945160902274,14.14213562373095,1.924673609022752,-12.73726437626908,38.74945160902274,14.14213562373095,1.924673609022809,-12.73726437626908,38.74945160902281,14.14213562373095,1.924673609022797,-12.73726437626905
2.75,38.89087296526005,14.14213562373095,1.796810465260061,-12.83536437626908,38.89087296526005,14.14213562373095,1.796810465260118,-12.83536437626908,38.89087296526012,14.14213562373095,1.796810465260101,-12.83536437626905
2.76,39.03229432149736,14.14213562373095,1.66796632149737,-12.93346437626908,39.03229432149736,14.14213562373095,1.667966321497427,-12.93346437626908,39.03229432149742,14.14213562373095,1.667966321497417,-12.93346437626906
2.77,39.17371567773467,14.14213562373095,1.538141177734679,-13.03156437626908,39.17371567773467,14.14213562373095,1.538141177734737,-13.03156437626908,39.17371567773473,14.14213562373095,1.53814117773473,-13.03156437626905
2.78,39.31513703397198,14.14213562373095,1.407335033971989,-13.12966437626909,39.31513703397198,14.14213562373095,1.407335033972046,-13.12966437626909,39.31513703397205,14.14213562373095,1.407335033972039,-13.12966437626905
2.79,39.45655839020929,14.14213562373095,1.275547890209298,-13.22776437626909,39.45655839020929,14.14213562373095,1.275547890209355,-13.22776437626909,39.45655839020935,14.14213562373095,1.275547890209353,-13.22776437626905
2.8,39.5979797464466,14.14213562373095,1.142779746446607,-13.32586437626909,39.5979797464466,14.14213562373095,1.142779746446664,-13.32586437626909,39.59797974644667,14.14213562373095,1.142779746446649,-13.32586437626905
2.81,39.73940110268391,14.14213562373095,1.009030602683916,-13.42396437626909,39.73940110268391,14.14213562373095,1.009030602683973,-13.42396437626909,39.73940110268397,14.14213562373095,1.009030602683964,-13.42396437626905
2.82,39.88082245892122,14.14213562373095,0.8743004589212253,-13.52206437626909,39.88082245892122,14.14213562373095,0.8743004589212826,-13.52206437626909,39.88082245892128,14.14213562373095,0.8743004589212759,-13.52206437626905
2.83,40.02224381515853,14.14213562373095,0.7385893151585344,-13.62016437626909,40.02224381515853,14.14213562373095,0.7385893151585918,-13.62016437626909,40.02224381515859,14.14213562373095,0.7385893151585847,-13.62016437626905
2.84,40.16366517139583,14.14213562373095,0.6018971713958435,-13.71826437626909,40.16366517139583,14.14213562373095,0.6018971713959009,-13.71826437626909,40.1636651713959,14.14213562373095,0.6018971713958976,-13.71826437626905
2.85,40.30508652763314,14.14213562373095,0.4642240276331526,-13.81636437626909,40.30508652763314,14.14213562373095,0.4642240276332101,-13.81636437626909,40.30508652763321,14.14213562373095,0.4642240276332075,-13.81636437626905
2.86,40.44650788387045,14.14213562373095,0.3255698838704617,-13.91446437626909,40.44650788387045,14.14213562373095,0.3255698838705192,-13.91446437626909,40.44650788387052,14.14213562373095,0.3255698838705143,-13.91446437626905
2.87,40.58792924010776,14.14213562373095,0.1859347401077708,-14.01256437626909,40.58792924010776,14.14213562373095,0.1859347401078283,-14.01256437626909,40.58792924010783,14.14213562373095,0.1859347401078253,-14.01256437626905
2.88,40.72935059634507,14.14213562373095,0.0453185963450799,-14.11066437626909,40.72935059634507,14.14213562373095,0.04531859634513736,-14.11066437626909,40.72935059634514,14.14213562373095,0.04531859634513324,-14.11066437626905
2.89,40.87077195258238,14.14213562373095,-0.09627854741761102,-14.20876437626909,40.87077195258238,14.14213562373095,-0.09627854741755357,-14.20876437626909,40.87077195258245,14.14213562373095,-0.09627854741756181,-14.20876437626905
